user_id,Emotional Regulation and Perseverance,Resource Accessibility and Social Capital,fc,fd
1,-0.6714202010738545,0.26422957741290876,-2.825296723617871,0.9814266669443722
2,0.30493045831797744,-0.29643174307961734,0.39168845590812174,0.10307121687726793
3,1.8733257918221513,1.2728889455115175,-0.23354532962042426,-0.15228305053466631
4,-0.8400193723127218,0.5054487144877295,-0.4967062944467192,0.7163391632005778
5,0.226159373038728,1.6089211483970278,1.270420233562915,0.8669466916114987
6,-0.5555006138748072,0.08335276998489972,-0.30357480147372856,0.025618122816069983
7,-0.33281544050201195,-0.24763748126178795,-0.8123556883949479,-0.2985077508257573
8,3.1518138562755165,5.047497600039746,-1.684937145382767,-2.173840480864492
9,-0.0018636346151063006,-0.07330606620393136,-0.4379760529731928,-0.7049873469469315
10,-0.06315503620340973,0.46050748426624816,0.02803478240674414,0.0516926102000743
11,1.8185532657924748,-0.8171099988726276,0.3382535457818713,0.6625328032856129
12,0.604423153292856,0.9250829099239897,-0.3349402911432976,1.214268474470759
13,0.43336247317676174,-0.45133841920645196,0.31163490116650416,1.1328313564103976
14,1.2916175569225543,-0.9579910572294424,-0.30597453408493674,0.8124069413454345
15,0.7895815631872081,-1.258001514763534,0.058869834479694676,0.10826047612478659
16,1.0470916862583348,0.7525509334246375,0.7096067524300012,-0.7026238760108121
17,0.5359387061983129,-0.768843181949605,0.4298677759878329,-0.45590909717989686
18,1.8514197729870396,-1.1016978986689865,-0.652240938605903,0.5571392461779561
19,-0.2568799197956159,-0.6665822163180445,-1.5326649712305376,0.029185857146988885
20,0.7739435888761715,0.067872899038302,0.2928967567621159,0.6136407176756304
21,-0.7489206252197472,-0.6098179239745374,-0.21820488686713707,-0.2758383863239615
22,0.2031777124539004,-0.8062922502012687,-0.21649929366848492,0.252023302078947
23,-1.8751213070912083,0.5641379548970175,1.5908506366573032,-0.5027685629377854
24,0.004652321637935787,0.5135631756087345,0.9628806934653118,-0.2946955069079618
25,-0.19585643444032766,-0.7024033590675457,-2.2844496739894287,1.2557004291790281
26,-0.7806947490455294,-0.6876121184494278,0.5450920020741798,-0.537208392274264
27,0.5166471999552227,2.227778479729475,0.22186248069715797,0.6181304486634448
28,-1.244667881049584,0.3150283822513266,-0.5951912359254523,-0.722687661826654
29,0.2805139069404132,-1.8123527253898961,-0.14437928297695057,1.4115001006292218
30,0.9546438853039353,-0.5449726845819101,-0.8092235671140688,-0.4231298115756899
31,-0.16410560545995803,-1.096419063206057,0.5551304170312433,-0.7943423374254152
32,-0.08972396948779005,-0.6526724382593224,0.2257529911845842,0.6388325656663867
33,-0.0013856916525792427,-0.5713334008813851,-0.5732655767565165,-0.033986651092288094
34,-0.5098795529154004,-0.7282061982331642,-0.9137363326015361,-0.4139043126207519
35,-1.1569631654105252,0.34110617447219876,-0.547003174798326,0.5324894505456775
36,-1.1808806147795323,-0.01731686973482402,-0.8913018395942871,-0.035514132502110114
37,0.04053691548563438,-0.3380420299539277,1.1069496713562252,-0.5076535934099645
38,0.8279208601080681,-1.6166013008670386,1.507978701479905,-0.35749979630555
39,0.5952383905817977,-0.8469127064683715,-0.36512373750248717,1.080059916112458
40,1.5176239091960666,0.49146830213183695,0.7220224939231575,1.1189461490133281
41,1.5021522652417136,-0.34443991917592565,1.2043300898978822,0.18751186876821707
42,-0.35445131395635493,0.4847159751080499,1.531929088881068,0.18056634594481435
43,0.3357457158365239,-1.4736011018598787,0.8296976550606596,-0.41193644004972657
44,-0.7128619040373981,0.3974418194706139,-0.20955022829274572,-0.5481208915107667
45,0.9707789532488337,-1.5091637747140574,0.6238928364129049,0.6407707703246366
46,-0.5234637216328658,0.17930562268640082,0.3279314585114235,-1.2042177025151983
47,-0.2126676114477238,-0.7829823727087303,-0.10437533885539212,-1.1967828632596262
48,-1.120521114588224,0.9576506270712162,0.8159556511992507,0.4180145357687795
49,0.4975323572285792,-0.720281788701885,-0.23720009790344254,-0.6328234685941815
50,2.298974047146956,1.8007725676515525,-0.8334224381770903,0.48031643310759503
51,1.3255554636993558,0.5306419242482808,0.5176596378827227,0.9160908255195517
52,0.16629128045861646,-0.08579670937529371,0.009575010002364565,0.2144569046025362
53,-0.06737276995383946,-0.27614063782398757,-0.3613853445149897,0.7058993126983258
54,-0.12134566512377766,-0.5252212914889761,0.8886407648740094,0.6941049574615686
55,0.5284648227177525,0.274789857157872,0.5770128709376239,1.1727608782148347
56,1.3194131902616777,-1.4555038135166207,-0.7037598140419133,-0.3415341056617854
57,0.20740584457340133,1.0245220388456422,0.17585630470464012,-0.97962748305726
58,-1.9310742546366788,1.6966818006961277,1.457936727836003,-1.432087742512974
59,-0.23742881933433546,0.320479626342019,-1.5850409082651937,0.7744229130533821
60,1.3137048155848556,-0.45490689272738155,0.404011097416207,0.27249451565055754
61,0.43801144009235343,-1.2175637383123905,0.09163381078840169,-1.2210279223022555
62,-0.7915209521075226,0.038270497748093345,-0.1319862066041433,0.22794967981826764
63,-0.670368514756011,-0.22652978514102326,1.0351055932211923,0.15372213986748967
64,0.7339127897813515,0.5895969015241541,-0.15887722501361756,0.21867218615326947
65,-0.9806761617175452,0.16951463372180112,-0.95816918989663,-0.2886885083209043
66,0.7666392682690018,-1.5437204007774497,-0.25553992354424926,0.6135471699823242
67,-0.4666334622275874,0.6608719138249906,-0.38165638747192976,-0.7255764793413394
68,-0.8548497915018393,-0.28433778673637633,-0.1390890856119479,-0.10413160170096984
69,0.5419684861899768,-1.1281217187162405,0.019169607096321758,-0.368550771928471
70,0.34329367957821344,-1.299877915725096,-0.5146066081716446,0.3513996000567423
71,-0.9751955219111167,-0.6293761721351422,0.4113031008520528,-0.6756458640711107
72,-1.3649938650916429,0.2347292098572047,0.22589868246169192,-1.2151641170742553
73,1.1023410631785848,1.2402374349013552,1.6905871268444437,0.28341920490659345
74,0.3479291004550163,-0.8059495894665237,-1.3645715161576868,0.05668697672467965
75,-0.583772235081813,-0.7423927200920958,-0.586722074406183,-1.1641966274413427
76,-2.1866503969452316,0.6913063326094424,0.04487056345820743,0.4806526739529934
77,-0.3336890637826815,0.21286365194867446,-1.0754823105347215,0.018082528918561592
78,-0.18704903652641447,0.7294295872030655,1.594782014997618,-0.46408519695386086
79,-1.0923251785488568,0.24068312797457178,0.4472924949665417,-1.3300578633809694
80,-0.6992883212514275,-0.09388355537209712,-0.5062502076538994,0.675237954214125
81,-0.36157227148920323,-0.6586035842846384,-0.2624884617088914,-0.132518426509232
82,1.2714656137049491,-0.9666861490608535,0.2233598881732004,0.35742242969831883
83,0.9920622273965506,-0.06154786874546741,-0.11661504821273679,0.2619694335736744
84,1.415425078440742,-0.18763917896947999,-1.0656333786935204,-1.2720329096476277
85,-1.13898370503872,-0.27745030196164505,-0.30962810411167396,-0.5673467631080987
86,0.7974259303501234,1.8410194542458518,0.76008609176889,0.9246281563991071
87,-0.37560540262138586,-0.10469185840388816,-0.660862827109843,-1.0916659325486107
88,0.7852440872575908,-1.0759807531644847,-0.548968524050687,-0.010798979933186294
89,-1.1942982223212182,0.9462921256266784,0.23056261349699061,-0.8122982253567317
90,-0.07663657770353288,-0.5079518298942978,0.8781946378707228,0.2881525767030826
91,-1.2415422243334484,0.07257838107911611,-1.0013231650057937,-0.09495857147928902
92,0.5115906101745111,0.040154933390333186,1.054678127436535,1.0631842875092272
93,-0.14600658657438442,-0.1605325314343461,-0.7639564442508547,0.591387086665941
94,-1.139796972980555,0.026631203848929128,0.6491707767897642,1.2594129096948383
95,0.6606878266411421,-0.4652224938583058,-0.22115900472590191,1.3458184472725991
96,-0.5406682281966354,1.094569923179086,-0.14802777358566202,-0.8187938838551516
97,0.5098068252360195,-1.34218643292838,0.2891449857689734,0.26714418368991794
98,0.44976900840457507,-0.9846526745094852,-1.1520768481251111,1.4559761099886852
99,-1.6274448958410217,0.5132877137424885,-0.8334103075342078,0.08320630517169045
100,-0.7203788219999964,-0.126252537204222,-0.7418778475054725,1.5391485214524288
101,-1.9306167605068028,1.2276029291855584,-0.6026255511736957,0.10641316552939045
102,-0.17915549675158365,0.2802292671834698,-0.9744564088269273,0.9737230205324252
103,-1.769574589475315,0.33073905736033066,-0.48723507238486397,1.3022063887374757
104,1.1352406967771274,-1.6107423398654455,-0.4266874847640327,-0.7939274385822503
105,-0.09699498051462037,-1.743489790037439,0.045157210271219377,-0.60843238617772
106,-0.03978085179791276,0.744027825110987,1.3812944515111043,1.2513977694027234
107,1.2690070442405075,-1.1903870235249983,-0.9204117461259486,-0.08853749414259279
108,-0.6054167559458261,-0.08736205845699069,0.8770896017444283,0.34615744239994245
109,-1.2535137663334082,0.5867111096700363,0.33069945528884326,0.5056272017042067
110,-0.03990554847326554,0.3229361622707478,1.3123806919222223,-0.3290950948716083
111,1.7563552725402718,2.028239040924045,1.273564525152694,0.6509861709164074
112,0.1371298907793266,-0.5015161752832288,0.6689419461541809,0.406016454205158
113,-0.2049757570318626,0.00838178653776132,-0.011059512099996486,-0.5399259700439011
114,-1.1166812922048281,-0.01928661516398841,0.1710929746356079,-0.6457815409030578
115,0.38011078612409144,-0.6510441054075956,-0.2293880122367292,1.502695595784122
116,-0.8893409547391031,-0.540445968163905,-0.16145853856052617,-0.5740727923777699
117,-0.6894862079705143,1.044662541445933,0.7567464538752564,0.8448293553179294
118,-0.07700037453834382,-0.33317026466351735,-0.9118352101337716,0.015168702578121807
119,-0.39465139429163676,-0.492356776917525,-0.8123010380481125,0.7453285595875822
120,-0.7275130204764996,-0.39547949419861794,-0.08525625583590532,0.7260129324849607
121,-0.7265679802368179,0.17389390159740173,-0.630053907505259,0.07481916337935024
122,-0.31405774508249157,0.659927177053311,-0.08438565770609664,-0.15990130907296987
123,1.9861932854296296,0.41599265108199435,0.24187146335354479,1.0108447923206738
124,0.095006611169264,-0.5677180450946754,1.2591041707701263,0.8755232924971219
125,-0.11606227488104569,-0.8958995230756688,-1.2266754789353407,0.3951495706200796
126,0.6901370135025471,-0.2633894106255718,-2.195987166074421,-0.09072674475654031
127,2.1565481179048955,0.6167194975465129,0.04170544888501284,-0.9942806289931679
128,1.4963115916841205,-2.4254355351972547,-0.7693663891313786,0.6492884153676556
129,-1.1409829044352093,0.3347335934639046,-0.6182027620338058,1.3015823700394744
130,1.3599861470092953,-0.891710372196522,-0.023227377905248377,-0.6429818113456294
131,-1.0461873540232187,0.987458014520592,-0.04003543139917209,-0.4704865430767035
132,-0.7757546039753065,0.24784246907845364,-0.8892288360634912,-0.35065072053745655
133,0.24187694219281752,-0.37517099306814117,0.951999309005128,-0.41395495865237275
134,0.1479688642058015,1.248574542032462,-0.2575749112764854,0.3180845519054004
135,-0.6068872992018352,0.1560596288775006,0.043018401912319905,-0.12330276569586562
136,1.0226822530907274,-1.2493596775913036,0.6067541180591108,-0.5867281536968929
137,0.036785563591057224,-0.22027198658522684,0.2377891875287724,1.152041068633206
138,0.5161117125953189,-0.9209353992629913,0.15977515103507747,-0.7926801206457931
139,0.8517049615053711,1.6468269102163462,0.987737264904676,0.0872663764782403
140,1.9769473570406892,1.4776021676289428,0.5843764456164366,-0.7490896515511983
141,-0.5202829806725273,-0.6474040862554004,-0.31251054381267024,0.8443725678303506
142,-0.643196398890169,-0.7524103124518882,0.4070709621292591,-0.3679007303112381
143,-0.02484073872603294,0.23737112333644034,0.1298562546843874,0.07505760953036308
144,-1.6945001900899157,0.4330090577449544,0.12504314824982754,1.398468446445498
145,-0.42067709070202186,-0.5786735886718276,-1.157834030429926,-0.5977173639848324
146,-1.4556713633833767,0.3565781970045578,1.5742501358531316,-0.08936653616325389
147,-0.6472859039909603,0.03734407120914468,-0.9327120670536989,-0.6654348447250296
148,-1.56659674555436,0.8024940383987603,0.6686960015686813,-0.2340597728566129
149,-0.18233003178223448,-0.5362495710785731,0.8217731966585928,0.229932629744887
150,0.6312332439030485,1.2792208690274856,-0.21887779806161003,-0.6215186808009613
151,0.8484565824408542,0.4605634045139028,-0.8583088232550579,0.1593796735920157
152,2.677720973257693,0.20575204464814284,-0.692409970909458,-0.6882139791526777
153,1.0451705131295614,-0.9584048004578368,-0.3193110773668606,-1.0381789178003833
154,0.6345316029918101,1.2226992903673564,0.20740501553765714,0.7311866731353434
155,-0.4817322751099604,0.12110587638040299,-0.29304288063722167,0.26811818998132414
156,0.9739670198639039,-0.8680220927191321,-0.3311829697120294,-0.44323917099128934
157,-0.5467635361549296,-0.023008880866033882,-0.5587206476583657,0.02887153488966494
158,-1.0344276933748455,-0.4275607326824245,-0.864054272378463,1.132950420339567
159,0.31794957520445455,0.22057315582566195,-1.0654323259973506,-0.7516129545813114
160,-0.07262303470266714,1.1339197408453159,-0.07196025873335951,0.04826780593768373
161,-0.7280373886342427,0.18277024704437353,-0.6280340094533471,1.075887648408773
162,-0.6951328027233772,-0.31294963273298915,0.3940816028506616,-0.6996291857875496
163,1.2590963437053508,-0.3240651909281781,0.5166267177481244,-0.06988863133972552
164,-1.5187095817069396,0.628765845765034,0.316889457626863,0.6697476778146921
165,0.47937904075660004,1.3078358045484484,-0.6405899783865695,0.1477302646797038
166,0.6995494066860035,-1.2678857138600323,-0.17275709899460515,-0.5329203524364846
167,-0.5486131202735457,-0.2363520249293417,0.14466987234247475,-1.0048253624178356
168,1.885967000644819,0.03515098611437941,-0.7212872251000195,0.7574070861948946
169,0.031502046122492425,-1.2946670771388216,-0.232891121187052,1.305301357654809
170,-0.28537196736936155,-0.7634532835713909,-0.4000617868921162,0.04425449669438111
171,-0.695157763139819,-0.25569428868296684,-0.3572768039264267,0.5864549463754386
172,-0.6539137991594829,-0.06921044220898516,0.2850563548067661,-0.3858403642192213
173,0.1441243817060791,-0.2512242254495899,-0.8633162047049403,-0.4961509183996576
174,0.07738521528671503,-0.7277597581736456,0.7601121731099465,-1.1736969177147718
175,0.4606993550872255,-0.4097790973050151,-0.7094306977935285,0.3373851089582805
176,-1.48380363833986,0.12600973046316027,1.683824399395821,0.7890382837338714
177,1.5586256352660774,-2.35445559969871,-0.1041835661551154,-0.3034851645953256
178,-0.0031211630524177482,-0.26351984828042974,-0.5323282378856011,0.3520912341560841
179,-0.27243466976321523,1.4680124584309417,-0.4106230589708951,0.30920177976939295
180,0.13783643122154246,0.42921557068994154,1.5596945888687868,0.5839897221135026
181,-1.186163607307,0.6793100987224306,-1.4320794283983116,-0.0026854709085559103
182,1.1817140819960754,-2.037597606173176,-0.4664737466209784,-1.1824202458366122
183,0.08747821027880325,-1.0496169044239305,0.2176188267111452,-0.572218302069877
184,-0.8804832607831078,-0.08365985015311825,-0.09039199753631459,-0.6316046306397552
185,-1.945503357979292,0.6825102844654903,-0.22839491416182467,-0.23869474303030827
186,-0.059465253023924476,-1.0644441492249588,0.9582827133112198,0.05096938071819344
187,-0.11318496748667514,-0.6794886805134057,-0.14739683494227115,-1.1619621028019682
188,-0.7086332660810392,-0.06588849656781702,-0.9247999665692658,-0.804677025630862
189,0.576418178619159,-1.28772785789718,0.8171729785533551,-0.09690395240777036
190,-0.5312331705212269,-0.0817955497365642,0.9973787230147726,1.1297637406024967
191,1.9800513869213896,-1.2392607228078436,0.3870922365593612,-0.06165836345470101
192,-0.6484947587113541,0.13911019726527454,-0.5150750263111907,-0.8929503831925121
193,0.353982571028308,-1.2446334790762261,-0.604270382777868,-0.8805794060090658
194,0.2640442725259929,0.10509746723104996,0.6233402140933357,-0.16257307713163877
195,-0.20054857698356135,0.9079717494389692,2.2147073868857565,-0.31464503956012707
196,-0.7066747828813205,-0.0967596727517191,-1.1602267560140276,0.8326696840116729
197,-0.38010846441674045,-0.2715086129877529,0.1794437960284284,-0.7825176434662445
198,-0.3667337144299199,1.0458215330363692,0.18105523983266075,0.705232725106612
199,1.814596918249292,-0.6460891749152331,-0.06913781511961535,-0.7126122032663779
200,-0.3794493882659003,0.135314979449765,0.8881669366077072,0.9269745021132725
201,0.18637160187174084,-0.772961225545188,-0.6093738167275866,0.9234817372363047
202,-0.7214765871211126,0.9854018866154146,0.05681206290164194,0.6364459464272085
203,0.22615413000455453,0.8081253478921694,1.8541095673236376,0.41445369821852224
204,-0.8248301448208586,0.26136259870036577,0.2127578036676458,-0.3027803234129199
205,-1.1294967648337901,0.5326181396616456,-0.5176490052696715,1.286929018746384
206,-0.9898737044902503,0.6664457086662261,-0.9554226211604978,-0.06697521200670338
207,-0.6106778426226763,-0.5475993766825237,2.5587974457742106,-0.03521957402816676
208,-0.41034141556816534,-0.39165511691679394,0.6583563154593853,1.129000849801071
209,-0.7605086141142832,-0.396424795968626,0.2935071010383373,-1.0514121742355467
210,0.07919344881069859,-0.21846446734441946,1.7599140059831855,1.066348965979261
211,0.7178067504928088,1.0255186280801103,-0.3301626417905214,0.6506185118890678
212,1.9540617845460264,-1.076061088110993,0.024252654554128894,0.6295893764577998
213,-1.9858901983248927,0.5045438210566243,0.8029458363102154,-0.6997528340746063
214,-0.5125407289826872,-0.5764520667164522,0.17169737000883545,-0.4125231188653596
215,0.6862240686505747,-1.2137215383055588,-0.01892233599411951,-0.006705831103062652
216,0.04090942586285237,-1.084138626412592,-1.196713059079484,-0.03397114561389442
217,1.580952234190294,-1.1377017118263073,-0.002796854511062369,-0.5846215866418747
218,0.13127959060381036,-1.2343241896394241,0.14798462278605015,0.8273965124387944
219,0.44743853133971373,0.13225818960410432,0.048653428769535434,-1.2206328291325117
220,-1.6036769489876967,0.8919726479931094,1.1923199193076617,-0.27166584275023603
221,-0.6046414803097677,0.05282029291624314,-0.5178653904021936,-1.0782117612688396
222,-0.3857371012460645,0.10955497348368931,0.13395192764249161,1.1085560354107595
223,0.5885891678099533,-1.1258070013093173,0.06306969042941771,0.4783770064166314
224,-0.14712028717761966,-0.7054514960907171,-0.9871154774369633,-0.1489841524054411
225,0.37837825211660997,-0.6836697442840796,2.2302299330501243,-0.7927537627660397
226,0.0685142977480276,-0.5352886012213643,-1.068611288768641,-0.03508215465272928
227,-0.5178665375403825,-0.6220961227162158,0.2664544824019834,-1.3226839208999221
228,0.7394458126789455,0.3540482006708232,-1.6057442741502599,0.5820527671126572
229,0.34636716763596337,-0.21981422452855073,-0.3781035189385823,1.4712552131635324
230,2.104328033117276,2.6199419065700336,-0.9923197973328817,0.6965714848786975
231,0.25567867970468433,0.1632135448935085,-0.25641178713792573,-0.22998931438052855
232,-0.7364971376762691,-0.5721858650342639,0.6597309822183598,0.8122674296628037
233,0.6778380993865643,-1.6398633316673055,0.5452519656321017,-1.017451722320124
234,-0.33587997960023686,-0.053696577899726844,1.8063432535391204,-0.25867460484976174
235,-0.2280380772525763,-0.3778647661223809,-0.28476572645654863,-1.0512124080529954
236,0.6815473850700626,-1.1537766434261063,0.8709961944393992,-1.260866271365885
237,0.4415975908210056,-0.9709174978480246,2.945956130463167,0.7666811359680178
238,0.21874996477547953,0.7449426175601029,0.029095083365986353,0.7928316166299308
239,0.7027250313788465,-0.8144301782111103,0.6031381304483127,0.6567424101451995
240,0.930687247618273,-0.7014163433474018,0.45181553320425605,0.06628742864230913
241,-0.5776915900919751,-0.6688200507760856,1.249745891847787,-0.29046597347873143
242,-0.5448253702712941,0.19927467438111238,-0.9849258410891886,1.4017121125060217
243,-0.6367493577590128,1.9898970467931463,-0.5316686734771143,0.03236783756577549
244,-0.5781022909010198,-0.3317313800201882,2.5423958608209,0.5082918678343403
245,-1.4453070258032472,0.02061084559896377,0.6108904094680083,-0.40119082467895484
246,-0.16113691082091747,0.5501310894449232,1.203283561513248,0.9295239808728551
247,-0.085213998187661,-1.012537986898423,0.26455496923043664,0.7295081976513407
248,-0.7030086375817335,0.14798120969101575,0.46073836873307517,0.2731285071006559
249,1.0173701764470167,0.8843821441070202,0.9156688764436505,0.16638795212755167
250,-0.7528416444615501,-0.14425201354680714,-0.900964227024868,-0.11265808875930668
251,2.0706666455895477,1.3378307478231262,1.1843942945817292,-0.027226502795150882
252,-0.48456352154936466,-0.41821655462671903,-0.224765865814468,-1.272418728274838
253,-0.22569471513149703,-0.5568951037027684,-0.47727901483325746,-0.06411007919909281
254,0.29040380934047805,0.36888184703569343,-0.7086128302204622,1.2792441226439641
255,-0.13665965428577267,-0.17726948598206743,-1.5472706032883115,-0.6753255209688407
256,-0.23847992656969216,-0.5216757639783668,0.053416523312637555,0.11588711418680771
257,-1.1541822717940347,-0.17508727394009946,0.12578043468634867,-0.07370883480569997
258,0.095144417191145,-0.43282367198384425,0.7667718460231832,-0.29051694898029234
259,0.3836743299417235,-1.4928791305884836,0.3570872369330988,0.5684284089894552
260,1.5770745584416213,-1.1403913365406642,-0.9956554976959245,-0.48870084536390646
261,0.649871400446859,0.9858964042271834,0.11082313389811366,1.1811037265641602
262,-0.3397522340716866,-1.071303836382457,-0.9085820427250867,0.16537643476826241
263,1.115699752880373,-1.5651643688087884,0.253508301721338,-1.1320854262895501
264,-0.6085351544093933,-0.6886993000564023,0.8963831389770743,-0.04284416226986112
265,-0.5745236962004339,-0.7448518448774114,0.14204669303534362,-0.13046768733478997
266,-0.3656627061826647,-1.0690093576768045,0.11958153634251939,-0.5356779984036548
267,-1.1335309336157195,-0.2981082858550669,0.24536010079230441,-0.3280607060175914
268,-1.3524288322569635,0.7226223830481083,-0.6753515444896598,0.11998311155807834
269,0.7181515681340587,1.517035837581228,1.879083189025145,-0.13602109103750748
270,-1.030087259362505,-0.6176662463508187,-1.2513273727826957,-1.0784113091286756
271,0.09432674335301543,-0.36332660422530183,-0.9207124605395889,0.14313309965605658
272,-0.2704179333456916,-0.314279509776279,0.5466392311950071,-1.4086840785713781
273,1.133182867014763,1.7740239590728877,0.8882373052117462,0.21051606054338046
274,0.09876854589727656,0.29417432484689604,0.3882361225271078,0.23606716793060797
275,0.15415266271457395,-0.1478688716828437,-1.6386524770517255,0.7129071207818223
276,1.1483875206278824,-0.8356874187867311,0.19612172732080194,-0.3152642235387665
277,-0.31409545942122974,-0.8001763546000202,0.12498099680409909,1.3325364905313204
278,-1.113753484877484,-0.5245761055732844,-0.8948371902456624,-0.6722961980344208
279,0.9230958572782634,0.28805065840897887,0.2562460026559293,0.023388687641593398
280,-0.6820168034385633,-0.7206272062120334,-0.43590822507004495,-0.20238546060525445
281,0.2402601297130447,-1.050799312173481,0.25374909425419195,-1.0618267294490735
282,0.42888528125883385,-1.1189288436501477,0.9045176235853408,0.22043048516745092
283,-0.13602918341291126,0.3385433910541352,0.2912544960777293,-0.3044565950911439
284,0.29302630854173933,-0.8124409468206463,-1.0708635099211197,-0.5593367979616791
285,1.5345495798979356,-1.238213530086022,0.2813435628941964,0.43414995616680785
286,0.822498607122104,-1.242023968490471,-1.524882759281549,-1.0426601406149605
287,0.01032019304803497,-1.1642797264743467,1.4534406601022374,0.28349032850166944
288,-1.260166633016262,-0.21412261308480823,-0.2590438768844706,-0.4064339552741876
289,-0.26073608793064196,-0.5399395615826458,-0.7785039325916555,1.9928949041042965
290,0.354789735397978,-0.9002418654368685,-0.3520427154331224,-0.5112422088697398
291,0.443108737991412,-0.4780599521615918,2.095231098732779,-0.17830911840410701
292,-0.4478991285991093,1.3786248989406047,-0.07430970152258715,0.47639163279355384
293,-0.5778045803840551,0.5909760251023016,-0.29036072715763556,-0.26410069883631987
294,2.04119695367895,1.1923884827625333,-0.050702752786235324,0.3313928952854807
295,-1.194127582117621,0.5229091784204593,1.4287587966997788,0.08534720582282046
296,-0.5024322386442978,-0.5248235289361997,0.36685223472078327,-1.3026235341490218
297,-0.7233673415191885,0.25671671317015826,-0.23171598433524526,-0.8288555781960775
298,-0.4429255785351642,-0.3237657117345803,1.0612900967462795,0.4108785464388177
299,-1.3595449266684416,0.4625975403664414,-0.2845805008799945,0.11436977346302675
300,0.5008424648537094,-0.7316061371385691,-0.45537586699921073,-0.10384521151525147
301,1.8760584012210346,1.5741736475625836,0.5904431681471285,0.06013111286217226
302,-1.0646077499755682,0.7121535026466588,-0.03995782721572225,-0.9770841226846664
303,1.8047482437843063,-1.0558481499267598,-0.7300831758467196,-0.21803973799857096
304,1.2320953591008525,0.9970778054146263,-0.1429567132816471,0.31638722671407893
305,0.6010040655056512,0.07352593104422858,-0.20263447093095052,1.6563200077677185
306,-0.9764067497621629,-0.14739156660404412,-1.0717506308650488,-0.018261331840306393
307,-0.5199470179727458,0.9628423001470495,0.14504339128921395,-0.14567045739667464
308,0.0818409646537531,0.9850725239316638,0.684206982420168,0.1775252690721025
309,0.2483994185650355,-0.011642208089914001,0.12719153366486396,0.24540667064505356
310,-0.35242831889712944,-0.01184358092584849,-2.2519539993367186,-0.41605167857438896
311,0.8380298828530204,-0.014450437555067119,1.905991159859198,0.9597194212202648
312,-0.38059162388048307,0.3318640269036795,-0.9409102436942782,-0.2624794088628102
313,-1.558284252107919,0.43019494107379724,-0.2831395311023962,0.9227603307402867
314,0.4206964197490133,-1.255749109970075,-0.2763899711480882,-0.2728795065533526
315,0.7222766398905717,0.3390556406206452,0.29330990060350476,0.7234685804440135
316,-0.6207162708082282,-0.4185904999493266,0.25344350049999825,0.3773070712018838
317,-1.2725844219560525,0.38859903294729525,1.3383380576902841,-0.699067223177707
318,0.2780174164746378,0.2693758612319863,0.40145525496560136,-1.197899130809224
319,-0.7599219235274637,0.5637351013176162,-1.0485615144431681,1.5530281617634119
320,-0.616198949631443,0.9003215822444792,0.16964872872145495,-0.20447623545744795
321,-0.9831895887558297,-0.24754895291720297,0.1347289428448969,-0.12568273978878647
322,0.7230641329571125,-0.642947624322672,0.3550507395306008,-0.6782148441269361
323,-1.7367067058869006,0.7292476311594013,0.20811079381669148,-0.6601530896118943
324,-1.4843886097992944,0.4785354019972154,0.10781857393746973,0.9206572451906464
325,-0.7338192721028616,-0.29238775708238246,0.043752911882811024,0.9643976687931903
326,1.4917131395518068,-0.06490001732607924,-0.26160122800475055,0.3179009743573842
327,0.5510880824680893,-1.1407958962606914,-0.05087880020577929,-0.20009282025307004
328,1.7265058582338453,1.8572702468799698,-0.31915246248615203,0.4758468680847778
329,0.11348755605807868,-1.2007481683900767,-0.6791860085828267,-0.11209651762884712
330,0.8385182414569627,-1.2905946969625675,-2.9461605251018756,0.1919203411681855
331,1.9139549676840506,-0.11771150387840529,-0.07374883308003764,-0.720199828575176
332,1.7285848112129554,0.5259489192601167,0.261734977615737,-0.5290075541677411
333,0.08072779845944007,-0.3597363613652899,0.9199029596019251,0.6198178503584564
334,-0.9484804902858215,0.7048410505950922,2.445770509048047,0.14374598753305345
335,0.843221746370986,0.7529134035030554,2.191299861504665,0.3940486296695225
336,0.05358701886766146,-0.3020172183198101,0.11696447908585515,-0.4983293992881144
337,-0.6838925712370998,0.3525083634999637,0.19959284721843182,0.13977774306206328
338,-0.5626777712175312,-0.25928827446166375,0.42846972575235237,-0.38229383132121686
339,-0.972785235422785,-0.23592035958623164,-0.7181399835739039,-1.1856631307841057
340,0.08320156101925436,-0.4867158393999795,1.1688276351093092,0.098362155325643
341,-1.0721349120234405,0.18608873910446674,-0.7350265195496549,-1.0087041577177327
342,-0.6024156935925296,0.6035453815396956,-0.04027644663362353,0.7886030465531585
343,-0.41408273991884137,-0.48104962134095824,-1.2409276681807306,1.1499341734104032
344,0.6701769257943965,0.29182995207837953,1.1596688870424179,1.5175071508159579
345,-0.8062044798629822,0.6745537238627214,-0.9787285665080224,0.11721700655033299
346,-0.03577262593038186,-1.0225047627646207,-0.3730803252711019,-0.6857469577135588
347,2.037336229059785,1.0188051053577605,0.10600136642041964,-0.3219301709464795
348,1.0397125520054866,-1.0322180275824073,0.9064331219785772,-0.05675207534996701
349,0.427436343402089,-0.7076597534716288,-0.45406040108123485,-0.24308191103762028
350,-0.519241397573924,0.9856186445867336,-0.41193091747306726,0.842475211636358
351,1.828473070966331,1.4697050590541996,-0.30789287513009267,-0.11419529856707734
352,0.17037685489386067,0.20601725252682745,0.5978822072831191,0.1788173002070846
353,1.031226472077743,-0.2798429186067437,0.5944727756935022,-0.10716627092720589
354,0.011509076608947049,-0.5389737546106391,0.659898010742751,-0.21094547370412706
355,0.8011332055931257,-0.73000923630486,-1.3445464154540565,1.3273814171927818
356,-0.26601927470422804,-0.4621836084465812,-1.3173169466918084,-0.3702785390297016
357,0.357036626752486,0.3478919258176529,0.3574272154885966,0.631323256617823
358,-0.26462745138996463,0.18717715557150894,-0.12030170744424523,-0.018925962208946743
359,1.0442576791623739,1.2652818577810192,-0.23382240453126404,1.411455509412815
360,-0.18746272139925838,-0.4984861394935742,-0.578125594571405,0.7621636940268356
361,0.8077875930668064,-1.287121295912804,0.8143081200254363,-1.1497764322806099
362,-0.034493271174454485,1.6489612413995853,0.8679617634713167,0.754631701951042
363,-0.2954852555390277,-0.7903767657055585,0.9133430870469533,-1.1978000325310352
364,0.0949352828068304,-0.06901382955551422,-1.0491987885839085,-0.8708547131240627
365,-0.6416539008154086,1.3502980423938256,0.4431795769385497,-0.05713270831432345
366,-0.6458805039596417,0.20049075363727684,-2.9508877167777827,1.3433545619749045
367,-1.0612185617736383,-0.2678926521001511,-0.2239550581986304,0.2915198590381509
368,-0.2893547209295761,-0.16944638426780761,-0.005011312425423698,-0.6492876970500949
369,1.2731475892581705,0.7584138996946694,-0.005268942448741684,-0.8614625173810443
370,1.4179952732336307,1.6504167679543684,0.3142089687426518,0.4180883696997015
371,-0.344711576193558,0.08080242412467131,1.9747087939760926,-0.17941168533933569
372,-1.7594979324080808,0.7159770315969108,0.3615905537564179,-0.03633739911227604
373,-0.06639160018827292,3.132537915112942,-1.8970509354194933,0.6605740473268665
374,0.10926959539195749,0.36073132209860354,-0.2116742863523068,0.8516322119682522
375,0.740329101660533,-1.7956154750207833,0.554440795385676,-0.4056747751851772
376,0.8656658900525914,-0.6668511975577714,0.30830076482389873,1.0369724902791277
377,-1.7072433997002072,0.8400079629319406,0.248921302869031,-0.6659488599347089
378,-0.9323123802430164,-0.017794589747399326,-1.045222062407805,-1.0715008099408798
379,-0.5851542853326785,0.26481079425651205,0.2805500077079064,0.6589026764125561
380,0.7725463445929663,0.3098151834050881,-0.9990304921617756,-0.43791408595447145
381,0.4840036393900774,-0.9587769548420697,-0.9412956331574982,0.38508831542071376
382,-0.8655941304398795,1.5332259649006028,0.4645523650763284,1.2362181683152278
383,0.29601251850909094,-1.2310095144880864,-0.8970178297828085,-0.949834714709388
384,1.7591324467114424,2.782460053887866,0.9760586440317014,0.6446948455511597
385,0.45923543025268154,-1.1710710832850268,0.3602808092959394,-1.429737651518008
386,0.5172078106367474,0.8962781387613009,0.870084237401576,-0.11959873789296036
387,-0.5512446679317433,0.21003944898712895,2.427322503712559,-1.3305457181979847
388,0.1546024082148944,-0.6982953122623871,-0.6792679417574612,-1.2315957214841249
389,0.13501184522692639,-0.8471371636337748,-1.1712101201555467,-0.38599525476334856
390,-0.4282027090275555,-0.6274931031257689,0.08376856527033176,-1.3491356771513534
391,1.4173826144967887,-0.7892291567754045,-0.6935177092278779,0.6389967524452295
392,0.9264596176635319,-1.0256822692330385,-0.48796886745044693,-0.01520093790406454
393,-0.6903161423660492,0.28923552656110135,-1.1242509672658283,1.1654018448804029
394,0.6563020848395879,-0.17896379628023684,-0.33047941247984897,-0.5006481923658879
395,-0.9563292501801497,0.08562757584491683,-0.043995615783204635,-0.41644754888143043
396,-0.7900926998555075,0.15736435090997014,0.6291376737772751,-1.2192378530821901
397,-0.5068297841147227,0.7822318141224572,0.1140071363163332,-0.19517122816793464
398,0.6636837554449854,-1.2051688939083622,-0.14787914689749843,1.199916390218501
399,-0.0793337461341888,-0.6253335324757106,0.041395896003855175,0.4031009056672422
400,-1.1447398368724773,-0.4226897648563538,-0.04738167541313218,-0.764490684931099
401,-0.2696230547339682,0.1874401861664998,1.5876618933916886,-1.3506903109865425
402,-1.849021842595229,1.1878726807205526,1.4683036588144724,-1.244576514522333
403,0.14130065585157667,-1.308493000078073,-0.5003891903607193,-0.04445241699180055
404,0.021177335983115726,1.2360507780485201,0.29113996743809467,-0.053654791915339076
405,-0.5443498267773369,-0.3619537150681178,0.03918927898236977,1.9061551335485394
406,0.3350394528412488,-1.6013862278756457,-0.042260636147742336,-0.15350146836496636
407,1.860530330898831,0.6401362286604679,0.6874521784851485,-0.2649690539558679
408,-0.8263441448223536,-0.7200324449513362,-0.9153180648682716,-1.6870970659791582
409,1.6625876812604645,-0.5981981599013386,-0.07501462951124803,0.9525794024987351
410,1.890249452537403,-0.9256537901414412,-0.28435378946279255,-0.26429255116269723
411,1.1965443280779668,-0.916288062399755,-1.151294689187528,-0.20699054389450497
412,-0.8062137399164016,-0.11177465892405003,-1.0923609629874533,-0.06455456508339275
413,0.3978806819130876,0.06713374842437823,-0.20368500275072055,0.04855205062281866
414,0.7195781558057538,-0.0011956952925949945,-0.4486864541764827,0.40403628672447045
415,-0.391338165179355,-1.0968984556080363,0.5355823048286412,-1.2401067052204795
416,1.9326259958092413,-0.3980411295899305,0.9549697560930125,-0.16303536040415684
417,1.453812683786926,0.34209923031271705,1.3099405085713287,-0.04592451265803241
418,1.4659297175344437,-1.4298389895921775,-0.12071069524088066,0.7020149415068517
419,-1.1060915914071916,0.012218123518768317,-0.7130756436862937,0.7504218024492771
420,-0.9270813891940983,1.1802492289475295,0.1827402438385027,-0.8744385517188639
421,1.8109442763236823,-1.5398070800164407,-0.22409352689306491,0.7359274861673699
422,-0.1872762844714658,-0.6967715979741418,1.1483760696733298,-1.068655238233072
423,-0.06239668797501927,-0.5563833599904783,0.043733110292347235,-0.1975229718897357
424,0.8400837244799819,0.39399065672915295,-0.5488196041589557,0.08145361876161325
425,-0.7320365916493786,0.7284651992995863,-1.7416500756245132,0.7917673463253249
426,0.9847411905641347,0.459139832088523,1.1945731462838691,0.8639753915958218
427,0.034720336785242556,-0.5599255648238469,1.835931275250476,-1.3858865149310922
428,-2.454888101719554,1.1949293298489705,-0.8425921641398727,0.426587091365805
429,2.0272568593195586,2.5007000619102127,-0.3309326438655567,-0.1547842205249682
430,-1.7053720734701951,0.6738070666358569,-0.1474583617246362,1.3896235363100136
431,-0.5929080952042739,-0.2744971280542599,0.8380520848286603,-0.4908114308309777
432,0.4024499436006273,-0.36788587664853944,0.655697135372564,-0.015675355022398908
433,0.9826756386085788,0.06618569868337712,1.1471864595040335,1.4428609578401266
434,0.2532698841213544,0.39619699853701035,-0.5956626015526798,0.9109727988288214
435,2.335142006164174,1.3986620729923174,-0.8528827813385548,-1.3984564781034363
436,0.05131496909616033,-0.9172546345801579,0.7094813546471488,-0.391648731870336
437,-0.3174029878380283,-0.631078300081626,0.6202337562945205,0.2429671176514659
438,-0.4858232597568304,-0.031818733172879934,-0.7586067297883604,0.5268118073911106
439,-1.9280771454607752,0.5971542837710594,0.8195624480480065,-0.8335498528807977
440,0.5481744173773004,-0.2588296171532721,1.7361968050638177,1.2330132527770037
441,-0.5358359538690878,-0.14239008929129093,-0.34455705191290337,-1.0674830288363322
442,1.2005859153468954,-0.6981247668046808,-0.3847538690267851,-0.5443314231688913
443,-0.5324082460400602,0.6917037238937348,0.664481463239559,1.0620704764278994
444,0.5491754174896395,-1.4741458527261404,-0.36538105419893935,-0.32980401283497524
445,-0.16595858934090052,1.4406654502380292,-0.1981280922062987,0.14380291024083075
446,-0.5067354601206743,-0.5518821763228623,-0.07345122800559918,0.059978073877130306
447,-0.6917638974279751,-0.7686103977403502,0.6000619277566419,-0.8683044288334643
448,-0.21098845523552523,-0.44272941692765017,-0.6895407098835228,-1.2879816273075961
449,0.10763978922058422,-1.4947887350903932,0.47086053053883764,-0.1848706984016074
450,0.9516201477025601,-0.6878158192838935,-0.7168495508378758,0.27598389380860716
451,-1.1340561677606003,-0.30719691562655266,-0.7449124336664003,0.017010298331995723
452,-0.55330870887782,-0.4324841131731065,-0.158914009210048,-0.6054492308263008
453,1.7295549405412614,0.8883466157335711,-0.4575256831286167,-0.7757225625423951
454,-0.9645114165554368,-0.1772294256702785,0.5426048386041529,-0.40242707069803163
455,-0.4938949147539723,-0.3580079132817491,-0.45020698848935137,1.440892277128965
456,1.3982451071306239,0.32376060584306804,-0.3951188996450807,0.06049993800906811
457,-2.147537385067701,1.1570149275147932,0.4501328126540772,-0.6023156339621116
458,0.0024157273555316153,0.887165884133707,0.7343773394339342,-0.23008054349457221
459,0.8654718917904018,1.2025037456571832,1.329914620405469,0.07001951690054009
460,0.9894744794950252,0.04091246701466173,2.4535306871422295,1.1048770613954515
461,-1.3393050509961024,0.16756643071952917,1.3775369749059432,0.37185653333579033
462,-0.1844655201830356,-0.9280124735149606,-0.6614537340743217,-0.5315407860255604
463,2.5194496787865273,2.94525891635643,-0.8792834908450372,-1.2751885872105415
464,-1.6372880959628864,0.5300447604121042,0.2632238623529631,-0.5099865174086173
465,2.5755224645416237,3.9883505950010507,-0.9182733800485267,-0.791296116178452
466,1.8478887685204177,1.2341216415180096,-0.6403108795366952,-1.0461152962755784
467,0.37715649084050756,-0.07811884379859117,-0.00734437659332819,-0.34392073218095065
468,-0.8634763670584152,0.2411620798771781,0.42586678932334565,1.1966127116548455
469,-0.6928631972561492,0.21280668257777735,0.5245031511759972,0.9107013689410374
470,-1.134804718675879,0.42074510989288133,0.291498309480901,-0.5168322697178845
471,0.5177243904639653,-1.1697829474210761,-0.5591346018592906,-0.4981806942894835
472,-1.1278040329938959,0.6941031436647522,-0.39577024246512704,0.5087543390170501
473,-0.561079986728139,-0.8005732382071064,-0.7380526434019263,-1.413885243028485
474,-0.031526883750666264,-0.6921356167692224,-0.20276680010169826,1.024551854906267
475,-0.2605436293249528,1.3703165487546458,-0.15662669118952607,-0.2968442536654023
476,-1.5753322879590332,0.14044400042216204,0.5468529800950891,0.015104116079679146
477,0.2260525444319199,0.2946595537239907,0.8168560460693132,-1.170300464111508
478,0.9230572285754483,-1.9841966816060255,-0.5461798590904768,0.5166342997061881
479,0.19220647347001873,0.209161053371688,-0.2782462731638036,0.46733292459472947
480,0.19725439908190256,-0.5763077140934212,-0.30944075847966535,0.43579399413202136
481,0.22611656483077824,0.8626165924677204,-0.9230585326566371,-0.5738126472552515
482,-1.4063426515936595,0.007039669055576447,0.8103638121442659,-0.7219395229779829
483,-0.6213676657590474,-0.4340098042002493,-0.7664772934018165,0.03789668922606565
484,0.056718756003650596,-0.89276139753254,-0.7956796502446986,-0.44698533666773493
485,-1.2980270325280463,0.6376099282406115,-0.5591160278802485,-0.760089811113971
486,-0.20483346161545693,-0.5203212661295019,0.6763406092084847,0.681164390625862
487,1.5208499260201593,-0.724544714277638,-0.23395986590709103,-0.8767658731031021
488,0.31920761616314747,-0.826858278921475,-1.3530982610997992,0.8305252115655122
489,-0.5710681986427298,-0.6691935086135492,0.639586485963011,-0.7129401530595686
490,-0.3682837854309055,-0.8439929867810598,0.635961071601314,0.14429268847659119
491,-0.9786671779636628,0.5623294431077767,-0.08843643211905329,0.15493400364507165
492,1.242666692369273,-1.717217819197906,-0.8079194209502403,-0.9517228446351456
493,2.4909241013346053,2.408184842785208,-0.9528537214784999,-1.374823398156512
494,1.1405920601555353,0.9913656735012761,0.9345283859415608,0.9046307557040575
495,0.09157111972645919,-0.10809040015957433,-0.31269853014530247,-0.2171790942180854
496,-1.0539672682141532,0.8492147328231192,-0.517847881847758,1.9614497096009404
497,-1.0459584430027715,0.7399733671020137,-0.20858778987502508,-0.6847710635428762
498,1.1378162135877998,-0.7516931659421473,-1.7188500799446174,-0.6529997782346348
499,1.2491764332863173,-1.6338549777730498,-0.5228462846963535,-1.101948839619496
500,-0.2898136858233192,-0.16131094063587012,-1.2703127209373617,-0.6419840663218817
501,-0.26408271966261254,-0.9186952423238989,0.3432138609353796,-0.18154673502440785
502,0.6533632397373317,-1.3182081255793334,-0.9829278581590865,1.6910391813533092
503,-0.2644032531946942,-0.3548103364856303,0.7866670177154964,-0.6957434482354038
504,-0.8747096467044705,-0.28462330229136407,0.0014751976864743994,-1.3970104319024055
505,-0.09941546220694533,-0.5446380352826213,-0.4996707922496231,-0.22272663345085605
506,0.47655473750039673,-0.2693406231831956,-1.0261849095459254,0.17474598194621055
507,0.9487777292716667,-0.19841091816395437,-0.17594862386774535,1.3717689356901563
508,0.34301014407629116,-0.7253441401662001,-0.48787878767615744,0.25082877313244833
509,-0.39083101069092124,0.7523756798015283,-0.49000690476803377,-0.37744523088093007
510,0.7416622760625537,-0.3597687260548429,0.5664130152513589,-0.5080117603808256
511,0.055235828354040256,-0.7801576560670537,0.040190182342185285,0.557814619052387
512,0.4191537354807589,0.005482030284642388,-0.31467006883117593,-0.21085009157195242
513,-0.7953244876306734,-0.29729673582226274,0.1636020029807636,0.42538169484056865
514,-0.6960526478603623,-0.11407346626269566,0.4547990809245911,-0.8636697397739999
515,-1.840465218043526,0.9081378605314848,1.3826720196172364,-0.6943097654750348
516,1.2187452792634403,2.0543205899938988,0.38939488216963325,0.6731510117640865
517,-0.46227467025163294,0.16155479280271512,0.19789567037021255,-1.1793571840009707
518,-0.49096486167249903,-0.8602199751684588,-0.32935721399802953,-0.5820917735637445
519,0.9956441956846709,-0.35255775310560417,0.06337763715440302,-0.14246702914793427
520,1.0380324443677702,0.1139536702308648,0.8661160868800046,0.814205447408078
521,0.20133379591115463,-0.94423676846749,-0.05335415573908029,1.0739261437179308
522,0.05491464432926046,0.38816628742397724,-1.0502758181558007,-0.43955983540161175
523,0.48835300333101783,-1.6194857928616273,-0.642494663321817,-0.06046763745831743
524,-1.2945940151312714,-0.3855248582222584,-0.37910322469457375,0.9157259360989067
525,-0.5691931870213401,-0.6698626315267773,0.8227158892608242,0.4239970597570714
526,-0.6711122920957739,0.3890827972286013,0.05701473955420011,0.21367544157661864
527,1.7622681184875675,0.7601255343383214,-0.6007358457663551,0.2151701771008172
528,0.13785632820926602,-0.6339437408830533,-0.39608146268543315,-0.7417194783567758
529,0.29223780799714044,-0.7831543512620087,-0.6696884730828526,-0.3109019155992721
530,-0.1791580692002653,0.15909912322984587,1.2626710401496242,-0.130248741667061
531,-1.3118507020131276,0.2581273228890793,-0.13283457536823487,-0.4449587887641191
532,-1.003899499695769,0.40981536109488725,-0.4703326952751125,-0.26554527012054835
533,-2.026275890946534,0.55702507109801,0.5489002870982302,-0.7338828358848303
534,1.239114890414573,0.5071507649358451,0.7843866471636026,1.3171627958648204
535,2.11878145459329,-0.989568912788935,0.4001766678262249,-0.6815211717108645
536,-0.3744135040500771,-0.5053110360414086,1.1231353438292908,-0.20949787292531025
537,1.0957021609208166,0.8831185629141711,0.7861208802665618,-0.9211656770309229
538,-0.07043861249587235,0.6882113850372825,-0.3178707923463444,0.7243051840386358
539,0.6837064629034317,0.8949114660655183,0.14773893921492035,-0.3782938863097953
540,-0.1759357359591888,-0.7111667859666534,0.14462530321873948,-0.9018122105642233
541,-1.8321662014409879,0.7842820613701545,-0.2165449324000271,-0.51297730583025
542,-0.0166572686925356,-1.0631413369044749,0.6610979747036926,0.23215649073458397
543,-0.07662942510468627,-0.12322654244971556,-1.0645442922997397,0.45914045741293963
544,0.7106808838472841,-0.6954785452885146,0.7081245001005477,-1.404246314182722
545,-0.4920441775459732,-0.10151465265746047,-0.11461092997185193,0.9500954449693713
546,1.5604629888481725,3.7796858586481323,1.468737351157049,0.5562810435075243
547,0.628774493014785,0.16561456347508233,1.3098724510266595,0.21993324027035147
548,-0.20148426489851892,-0.6524105343515954,-0.48795391608169997,-0.9465896722836018
549,1.0401589727473208,-1.0393196260782231,-0.5333724454569829,0.8055023549138922
550,1.2811979856715632,1.0935960503393856,0.2589918914220776,0.08967703956980555
551,-0.691869525975457,0.567036014792143,0.0006665947715026662,-0.5171518359036325
552,1.1134513233514391,0.5954452322722915,0.3575960657408668,-0.5766067280779974
553,-0.12777582775882076,-0.4688634028441194,-0.02793353054164047,-0.1966394791203809
554,-1.3182561397811496,0.3080043078988855,0.33835141125706847,0.7313932523934793
555,-0.4497539327939347,-0.9426559954647604,0.4482609710298988,-0.7733604060921067
556,-1.0598434286142233,0.293880289845071,-1.185574315855499,-0.8084116493092325
557,0.5267922783950769,-1.4357062634609519,0.6444238307697686,-0.6087948182536937
558,-0.19856821775663444,0.4496264978132049,1.1091280779560913,-0.3242705487608346
559,-1.4336239701605837,0.9522580760132623,0.21108138942374216,-0.17636902135120375
560,-0.010213776394013569,0.7748721820663964,-0.2819572030951577,-0.4232260616073094
561,0.6993094459659475,-1.7164384057110258,0.05283590939665434,-0.7102800243559341
562,0.394136539103907,-0.9875869995658733,-1.4468199357097675,-0.684796009777501
563,0.8787385932581585,0.1255337088655838,0.33573161380457717,0.3403186877610917
564,-0.37951796936918075,0.5424297699706928,0.48057127700279817,-0.6839865632903152
565,0.9631032527826672,-0.9098582347569985,0.2838673960112719,-0.6555955789560781
566,1.5231590206044165,0.05767455306430907,-0.21162011768633363,0.9684385666163521
567,0.6945300739165186,-1.6429794164484544,0.20027737953641697,0.7401540961866169
568,0.1647802764836293,-0.9102159567054737,0.07056036767365946,0.26718200374222756
569,-0.014674893732629129,-1.277695967162039,0.5883570811569897,0.935126565526161
570,-1.6575111663824653,0.19058007005144922,0.9632725315389704,0.49212120366216017
571,0.2917981203237016,-0.44186523839285513,-0.08770295819477182,-0.4180334718154775
572,-0.971499726559851,-0.29096865765135177,-0.6297157549823009,-0.8070544900044931
573,-0.522486497238494,-0.22991157440308632,-1.1037302453814593,-0.7927423838907807
574,-0.3267537184757488,-0.7488390695326487,1.223370421596686,-0.5826446139258972
575,0.27067358802700736,-1.0131169327901783,-0.27174126435699125,0.34140633835608486
576,-1.2910837266458446,-0.013288710572939323,0.15802010116862092,-0.08055621424845136
577,0.18774428663501114,0.22700645412970988,0.9276899229903749,-1.0591300682485585
578,-0.45655359070220447,0.1229873989859289,0.402712214925496,-0.6612268711378151
579,-0.008893412334980642,-1.0417589422282474,-1.22061859383387,-1.0117277220452252
580,0.16469228562078156,-0.5489170008290422,0.7604185063948867,-0.201242365304
581,-0.10979949675122384,0.06427589291595358,-1.8604142194481927,0.8402149782765388
582,-0.265091053917716,-0.06884520009152807,-0.6743941216399072,-0.968085962016396
583,1.2460299110654456,1.293971445070606,1.1861986127354789,1.1134413078140457
584,0.6415947079403564,-0.2291887675452769,2.2701754855089358,-0.17621077843426372
585,-0.6922981977890562,1.382198838568341,1.1431211112813333,0.8065010048640492
586,0.5235010810380608,-0.12861732209082516,-0.7771102915728787,-0.4342852136816747
587,-0.5808336858542684,-0.1178563618826845,-1.1155373761883447,-0.2024002281363555
588,-0.1263783362734648,-0.7617648187115569,0.07077917099890003,1.048340573684669
589,-1.3452839332452273,1.052648898579321,0.7972646997884403,0.7881840299687294
590,1.2019924218182754,0.4854552561180634,1.9530787718489129,-0.06380992463197176
591,2.0004286287621156,2.3981305657509657,0.4636411368535107,-0.2949387477998803
592,-0.603562248175861,-0.3593044137543359,0.2915543070483026,-0.15692552467548979
593,0.3195804165755484,-0.4379869501551568,-0.27571870378935176,0.24979386598281395
594,0.7236244051308423,0.8864495377569559,2.838561831972088,1.0689954763506504
595,-2.0465185876077627,1.0006499552606072,0.6234162928283,-0.6118342644522154
596,1.2879431299664843,1.8284386127495393,-0.7701411075798379,-0.15453840528875587
597,-1.1095350864450222,-0.14899362296240037,0.08681861029305074,-0.4109500146379601
598,0.759822375792566,-0.40988864358736954,-1.2481225772709987,-0.4403097546408991
599,-1.1048692523531893,1.3843439962786974,-2.5505322107331145,0.46975354665331676
600,-0.0013683202059368625,1.545428788695845,0.6066926937410808,-0.6991996171179216
601,-0.5286791845895235,0.41637179400621166,1.8876278589670688,1.2891248413251664
602,-0.18874685603554053,0.9184064064967673,-1.6241140647457815,0.2131233094967083
603,-0.28198226212590416,-0.40659737339728613,-0.23760258285731875,0.35948674078951864
604,-0.6091215382827437,-0.2881459632544799,-1.0169757056294595,-1.0848662330210963
605,0.21817254743421827,-0.7451210758968124,1.083950528622041,0.012149960483063944
606,0.6174316202548653,-0.9602051339641076,0.01476755038480177,0.05430809965483553
607,0.8396146450048895,-1.0581596131891418,-1.143810114494884,0.09000850894818874
608,-0.07215539925228905,0.37945876729751854,-0.9063792674303935,-0.16885847983154642
609,0.5254299314633017,-0.8119033488541819,0.07992954023741244,0.7538818207522235
610,-0.065973773533194,-0.3989371320227956,0.11205782052630195,-0.60278332263987
611,1.1908124162664366,1.4384514952096987,1.0943445006248351,0.12135274559466172
612,-1.2697985131788811,-0.04346310388723493,0.6869019342321365,-1.435816002152915
613,2.278339699702757,2.255130930872825,-0.4399188337329196,-1.316498590844514
614,-0.3292746306385064,1.0941677050886205,0.3885676117225537,0.8946300578504921
615,-1.0094784110132513,0.1512467636917051,1.4246106445197855,-0.4052877313929003
616,0.5196811006980789,-0.7290961067148338,-1.3299024470512397,-0.8470821972875126
617,-1.5353518667658392,0.5518554179479054,0.4777981562303663,-0.021439295883793875
618,0.22311351511928912,-0.667358230673228,-0.46582569891860537,0.9280196802278006
619,-0.4973537932922418,-0.9028100217745636,-0.14697655450487493,-0.5469080447546503
620,0.9941783676187539,0.3351308148962501,-0.16661506084447986,1.950805032831274
621,-0.26011172529224263,-0.711918027203495,0.41092398318778967,-0.6536105181659501
622,0.38727091861834356,-0.2765950992531087,0.0031056868533514406,0.6787563288904256
623,0.19632833258439192,-0.9337388226763639,0.9171035241685717,-0.06364881706126685
624,0.13121449904915317,-0.9171659223269757,0.672282963688331,-0.46204025352778416
625,-0.6377947789352784,-0.24913630702836226,-1.5492276654298993,0.3963570796968525
626,1.9192901507167206,1.2651576174563048,-0.4828845067865934,-1.0687314341806982
627,-1.140421688351462,-0.12664353765451256,0.4962653173284352,-0.4353575579392227
628,0.3392982615379781,0.4850093107467617,0.12843330817960036,0.022408041847750623
629,1.2135129650426193,1.00660962932972,-0.4562991776822604,0.6804548061078884
630,-0.9429559608346118,-0.24442131075204424,-2.4045211255687278,0.12388416479472658
631,-1.3816416912805198,0.26439375514009156,-0.2278017079141992,0.2170476359759984
632,-0.06396242114677825,1.4670783551675814,-0.33423711216221885,0.7003200188864305
633,-1.7914812857933329,0.35963396140472914,-0.10271766924926673,-0.2589948106294353
634,0.24001346739694698,1.1151797518011266,0.778426519894234,0.3672216299261439
635,-1.555202346652916,1.0837849558335073,-1.0628324958203383,1.4018528333327116
636,-0.3946302651652565,0.10627741724350181,0.4492017120500535,0.04543477609488245
637,-0.5528146711646824,0.0826750163938095,0.7019219559728559,-0.2382471649057539
638,-1.3543883005849364,1.6114546207320786,1.002639364983331,0.6137823369648797
639,1.6143426982411127,-2.139958556592924,-0.3117237588851661,-0.23746300748316204
640,0.002966593907046335,-0.38419452873622784,-0.09444371970579209,1.2930553110433076
641,-1.011078191522862,0.9686350398590389,0.3812493016954089,1.045048913555613
642,-0.6585303598074755,0.4696935395420567,-0.2967979781503956,-0.2892806299488035
643,-1.4515980345198645,1.756702333548254,-0.025157442984665553,-0.23066535637736457
644,-0.2538850480235116,-0.212323588945656,-0.2778411991986842,0.7852496797508959
645,0.7386731861001775,-0.03487508578925009,-1.8019362898028362,0.8917626065363742
646,-0.24584294983621818,-0.407914673958281,0.2004523240699555,0.8638607547104196
647,-0.665365381059545,-0.3900609710353319,-0.5281904132148354,0.0892093154291426
648,-1.9045962954564906,0.6317384783109591,0.5541715891141484,-0.17090296430165988
649,-1.8843216379735983,0.7259023880397584,0.13852594711110502,-0.5002831324568574
650,-0.4162737732485357,-0.5198724322678084,-0.9533265427924064,-0.27682529766941977
651,-0.6080432743233183,-0.2696060341958372,0.22062281541710477,-0.5545632306692221
652,0.5044629134129992,-0.09064175862714811,0.6569432235116468,0.948176621601506
653,-0.31263231262022617,-0.966918228216425,0.4659971366791473,0.2557027235478862
654,-0.9941816035290003,0.6349043154718728,0.78185661323459,0.4524093587645681
655,-1.394482450016724,1.04594711356566,-2.3433933134639404,1.0273320934957038
656,0.23854447013183963,-1.0396584444462333,-0.3397524949834798,-1.4593385922015945
657,-0.373083914642266,-0.011732514095218137,-1.6660664725793444,0.36210795372648963
658,1.1312782948231694,0.08978635223263094,0.5849656074053738,1.2978654668965952
659,-1.2493820236343436,0.18926448181944877,0.672228579539357,-1.0123149864591652
660,0.42236977669690345,-0.3622038088038653,-0.643236830099649,1.144370901405218
661,2.100160708631263,-0.3901939349653007,0.30056493340856744,0.25009624555270094
662,-1.2285536621193718,0.8338031407791515,0.1439378368352456,-0.08018421784915493
663,-0.6992941120251879,-0.8590127627658335,0.5874693901096866,0.1220044611636353
664,0.02132979385296116,-0.2782033185358832,0.3029651910667478,-0.8143592942962834
665,-0.6754488799336903,-0.20036260022412516,-2.1434866671534225,-1.346227314838794
666,1.6307554898577787,2.3853357146496963,0.5709596079023748,0.8038764550457678
667,-0.5503390059673423,0.127631728697744,-0.5403063599845057,-0.911884689648969
668,0.8602163248451347,-1.532349631920038,-1.1546974423900618,-0.43185271736440783
669,-0.05941849417254138,0.6281540940909353,-0.5392715234772202,1.7516646141815904
670,1.2535885258887103,-1.518574022838448,-1.4312354716570426,0.13456510867405358
671,-0.887791655597743,-0.150062494158034,-1.138103630071055,0.46434565185090704
672,-0.5191543668067751,0.8040692267682267,-0.27656684773160445,-0.3078531106708084
673,0.9258595572021807,-0.9778812308812053,0.19890364216125686,1.0536610069337318
674,0.6140398613023672,0.6622677065095618,0.21522554030237415,-0.8596532368310046
675,-0.9783308020766708,0.5118177816136656,-0.22563147584627619,0.8495764394275914
676,1.0610068152692986,0.0461554535783371,0.4668137656616085,-1.0025255113472455
677,-0.5998371538060557,0.2884191098532441,0.04429671991782943,1.3207148773019866
678,2.2697459196475647,-1.3420911885502051,-0.4330040115879337,-0.06749023794031625
679,-1.3371078224772937,0.06681123476104955,-0.43149134768459546,-0.6427420426224417
680,-0.1707502313675506,0.11502111721964665,0.11618678696136286,0.020248575790912184
681,-0.7957311623749966,-0.41355685766895917,0.34954257013921264,0.5294411264646957
682,-0.5723749175263518,0.27633798820848493,1.9084700271071553,-0.2743548616053654
683,-1.9402915612757734,0.24453640702284282,0.6891523606807434,-0.4961121971728924
684,-1.0781080741884719,-0.23513449962222335,-0.37628759173001675,0.8139757234429512
685,-1.8715465620463612,0.4659286774412215,-0.37527406441608124,-0.15057694212290848
686,1.4503591079624563,-0.9305017972004826,-0.023611960950818734,0.8918559998596577
687,-0.9545840735759603,0.2288880725770449,0.9438372305203364,0.20877283929513205
688,-0.2825841914825494,-0.19271219166980474,-2.072971558670016,0.47820042500303367
689,0.06944507438559762,-0.729430736908132,0.2827115104234409,0.7732715182604744
690,2.0320785418655993,-0.6999435489095762,-0.1591822315706691,1.178348174246517
691,-0.45365378376678867,0.33629074369388584,-0.6424688121916758,-0.7246170887158887
692,-0.5153546562921697,0.2840163169672996,0.5878728947329563,0.9540269135469612
693,-1.2970106979533071,0.30310212143879867,0.0925135949497574,1.532858949503656
694,0.08200201437954076,1.3758765697921407,-0.3238817314410636,0.8878144229304286
695,1.483563160638032,0.4663626070777995,-0.02588869517018589,0.4712261053822216
696,-1.1274340864341001,0.6971282473742049,0.21080733637804347,0.9623100982258013
697,-1.5190002735517496,0.20547464260684292,0.4163060129229048,1.551748066045318
698,-0.7518189993560732,-0.6917271370036142,0.7450760616924058,-0.24593987502736062
699,-0.5417978316148785,-0.4536072204058753,-0.1836336435277089,0.440262059752114
700,-0.016875202151243072,-0.9181778824106825,-0.08127239368369026,0.47424185841430544
701,-1.4748742416761431,0.3051382193708493,-0.2711274224042974,-1.1685049141324777
702,1.0597098979426716,-0.8980627172078571,0.009619349196977656,0.17894904970597045
703,-0.6795189536309542,-0.15600670582833165,-0.057716701456311525,-1.0919834930598225
704,2.295843205379157,2.2117084142264725,-1.0268974273880356,-0.006210040506108681
705,0.6630596450741096,-1.1304371475786599,-0.7907902139452055,-1.1391784982423085
706,0.9419902705468526,-1.5304532587565767,-0.13683916198518767,-0.7977725931761385
707,1.4859888114371071,0.3721662015580402,0.43111033864832726,0.2953080494638812
708,0.07567191670501276,-1.4445849641310842,-0.5253150175081104,-0.5706338025333412
709,-0.933837271841276,-0.4239764903309374,-1.069182103600612,0.6681831506064891
710,-1.3483985943442414,0.6722476322092471,0.03042603540000885,-0.11365301586097296
711,-0.4993912521008494,-0.32634903396367765,0.06087044743673951,-1.0190761372569812
712,-1.7558665901478785,0.5540151280459664,0.0033203919158077545,-0.44660649434204686
713,0.21674795908943745,-0.9382770596043573,1.4340090026272385,-0.03324866788871485
714,0.6115502122574558,-0.7340190939298018,0.48880269214980165,-0.010592409572921083
715,0.3244037192736939,-0.9000857492486508,1.3321037326177265,0.0765338695912061
716,0.0683343500797692,-0.3118861517534758,-0.2922608105868675,0.8293163450569411
717,-2.434911600239184,1.1867236896503464,0.20858534587082028,0.9527986369271036
718,1.207153043833497,-1.3353257546201922,0.6306942832889094,0.7870627390250778
719,1.692778770888337,2.6699520450446546,-0.46469303097306563,0.011809386026635163
720,0.2599286770035854,-1.1065553613060806,0.31215734891880004,-0.4315742939850593
721,-0.006814731171983953,-0.45950268589350163,-1.0293643714266512,1.594195507487108
722,0.6258137558773141,-1.0697962815953002,2.2878551401883294,0.06655387519509488
723,-0.6158074708642679,0.5089383769089573,0.26338471309498884,0.3889590673674925
724,0.05628010370997462,-0.31141369698492627,-0.3229795386149522,-0.22523787479781537
725,-1.0859756528569235,0.5869003530291621,0.5050685902028929,-0.2904334069983186
726,-0.19845766996683067,-0.14229627889033794,-0.5489395388861777,-0.7361741245722095
727,0.6251281317881456,-1.2272946488415628,-2.269541124660628,-0.24581046103597923
728,-0.9859914335750217,0.3229854358170475,-0.3271873514894231,-0.33364640284993596
729,0.8690630905189263,-1.2800662181045195,1.2167839004103311,-0.41117814701055344
730,0.5244701709836502,-1.865543406834586,-0.8442168979232173,0.6690629455523185
731,2.3892774458095074,2.1499870352394708,-1.4431830335131948,-1.9998518351130838
732,1.190039611076452,-0.3531295811478256,-0.9189176058680323,-0.42002617211085086
733,-1.4693910607065253,0.23388186760800228,-0.1859202913025347,0.24658586316696746
734,-0.04789137508640745,-0.10297706326712114,-0.09358799514206824,0.4053392575847368
735,-1.3512256402059366,0.15632547889735615,0.5794628046348076,0.9176891075556141
736,0.3450803988235182,-1.1098593573632798,-0.9919879199356221,-1.2532660982044044
737,-0.8278065439021792,-0.5580527693150689,-1.5708821644082984,1.0882490044836028
738,-0.42613617394882614,-0.28990822999486093,-1.0671186015631788,-0.7397373763109082
739,-1.2014907387641287,0.049743896694915794,0.3465550415809152,-0.34810424375783616
740,0.765622998535865,-0.4018227028521224,-0.05890870385618665,-1.4547303157216962
741,0.8492281604092706,-0.44036963221031034,0.5350909413161096,-1.5111850556616997
742,-0.1669668533767076,-0.3527289220991989,0.37518057290226636,0.5929656554941913
743,1.3420277135252219,-1.372492986333394,-0.3802692357321928,-0.4168612867205706
744,-0.9411109200211736,-0.16188366204091825,0.1261116300903403,0.3823458372583105
745,0.6150684965105698,-0.25425600171796015,1.3540810355163135,0.012997148897594258
746,-1.1400171554614917,-0.08996475736561885,-0.5588985368780938,1.2217131681080546
747,0.31050168634960773,0.31060999064402095,-0.34205881149396583,-0.124250234988538
748,-1.4722269763993587,0.21837170638412642,-0.04361322286501013,-0.2568990272299234
749,-0.8129808370362255,-0.3423466416770738,0.02240614857934237,-0.7678015594593229
750,0.2621963036548365,-1.1053639581889256,0.41038375324734605,-0.5898165835245992
751,0.3053543709441332,0.08740483385057468,-0.3506613668554397,0.8873761103296836
752,-0.41970091791308517,0.3620215721104423,-0.21272057134341255,-0.11080504906475881
753,0.8496855434007314,-1.0836295421171538,0.06235921523031836,-1.3725706038325258
754,0.2433052978119664,-0.8354474485673719,-0.026936987759417382,1.224247583309182
755,0.3628078334058528,-0.9451485590932515,1.1308116904946304,0.010625611656366869
756,-0.2598195329258197,-0.09280887595789998,-0.7424854068560899,-0.7402154569529582
757,-0.5547996522921218,0.1315569141587439,-0.00513557204318447,-0.9033368039589634
758,2.281742249581005,2.940726515650043,-0.9486485561417172,-0.9957004978280043
759,1.1153351607090445,-1.6598342636377983,0.2956560732384238,0.26639470847725244
760,0.8495620037528469,-1.478647450452536,-0.5680740501943021,0.6780023427442959
761,0.08728648681213462,0.20624489213819838,-0.10833643007890828,-0.3752288177924729
762,0.003340126877431845,-1.1091738760425718,-0.6163921141677854,2.246442602895641
763,0.6193817321674145,0.8527986002389326,-1.7596203426436439,-0.617359501539758
764,-0.3217596958387917,-0.7233323627166656,0.1935089018949434,0.015519532037069966
765,-1.4516210361876016,0.5815052130063362,-1.1216580711121837,-0.748162544874325
766,1.9864543590828143,-1.3454537339885908,-0.3456907514776393,-0.03099331331888459
767,-0.22342924794483265,0.04235190343111641,-0.08721694617267971,1.1546460983048517
768,0.07619171965609928,1.262255550041286,1.1263419146294613,1.6295488420331978
769,-0.7015797580205797,0.4606028537541729,-0.917028183411847,0.29523557877656825
770,-0.009498207096121845,0.8785771908109532,-0.34226271861649715,-1.1932804146419247
771,-0.8876605026432872,-0.06500812946433704,0.8191382029383737,-1.21247437716713
772,-0.34539799115613906,-1.2058164276135668,-0.0583321664438415,-1.3138842655641785
773,1.9236097784368078,0.5367463411839106,0.9818338408224329,-0.5293687031192849
774,1.3301225329243007,-1.7725897228439802,-0.9172079530034638,-0.5547671893003381
775,0.37789535730961415,-0.17007954187048688,0.04735585255649783,-0.7131116315312975
776,0.3424261490828323,-0.35026468325161114,-1.174755184198167,0.41374132939708563
777,-0.8886701081393801,0.610545815339507,0.48549012386700185,-1.108872688389677
778,-0.6685229917600612,-0.5187242578038199,0.6334897985992819,0.07883367990007378
779,0.27732013897471525,-0.7929127123975317,0.05487349598338806,0.5554621213118806
780,1.7487928569315032,-0.07057988397268415,-0.34895809613863266,0.10472830914566263
781,-1.5830162014875588,0.8900497882326299,0.5005529841182015,0.8239755996342223
782,-0.06032337473934872,0.3808411250417744,0.20857491505227702,0.46254487140470363
783,1.0352015598872604,-0.36462668826498085,-1.8688016920880075,-0.33909940628114976
784,-0.38579342051878507,-0.3119608092676694,0.02787762813941249,0.27922543123956794
785,-0.6595694082490873,1.6547928825602924,0.9147054265361824,-0.26335378239356805
786,0.08043273972082364,-0.5896137505161108,-0.621022768087699,0.5857230840020888
787,-0.6803241933678826,-0.03557102075214264,-1.1050925339644206,0.5022805656359738
788,1.6931493708670278,3.588658596981739,0.5716945516580793,0.3488688440142749
789,1.9585745362159384,-1.4418843946336526,0.20111309634604135,-1.2496904743962727
790,0.4164482523694661,-0.9227105784326145,-0.33364224609495063,-0.10823982023713416
791,-0.9189245827352857,0.3402619255811863,-0.7135658763140535,-0.6511031047539231
792,0.5150972243033286,-1.0302867283216242,-0.47276715005725056,-1.2563402106967012
793,1.1313655580302482,0.5855434554344503,-0.2886915938298523,-0.7357959796009079
794,0.19459613321170138,-0.6187707475908331,-0.1087157980243316,-0.7502612109177665
795,2.1861871646471704,3.1272355690912685,0.08639784501318679,-0.7044409717577048
796,-0.614211517991792,-0.8819160262082298,0.8988204964378858,0.5145687777366112
797,-1.0147940022562651,0.25279036029362967,-0.002557208624850573,-0.3800272897457586
798,-0.8069858110863934,-0.2182161175157797,0.9024865361431587,-0.16946678596490428
799,-0.4323284725714843,-0.31265552458811724,-0.2331904556875224,-0.3082381860423504
800,-2.2956837045720784,1.0547553892424197,1.278608629110491,-0.03912658475047003
801,-1.7936122976035642,0.4020929407002855,-0.9540546781643127,-0.07952255822260304
802,2.2309441276001767,0.49878299649378444,-0.2996399026717452,0.2665980604066512
803,1.328056839806022,0.8315812284309537,0.30458241669135694,-0.07465636940008515
804,-1.8624378472384804,1.2409033324354148,-0.4515687403374511,0.710687191148932
805,0.15619599938553635,-0.669594208365456,2.3543925125807266,0.06314531989840357
806,-1.945265289155794,0.7714223721163156,-0.6267269339758043,-0.20539386504314783
807,0.3453669019721217,-0.15104554317018007,-0.39152371766210425,1.7876835924748469
808,-0.02052396835311924,0.07206675166331844,0.8322185215644529,0.695918982718378
809,-0.8807791926598311,0.16035954325050436,1.3004346414150587,-1.345033673737118
810,0.548549770239678,0.21161327595956234,0.5947669501807803,0.5165366632873026
811,0.42666043608224435,0.22169199537745365,-0.9901200072450365,-0.3918909313670566
812,-1.6163227536429479,0.8209642331944048,-0.07308044750495135,0.018361060763042444
813,-1.3258198921568407,0.126669742396733,-0.27840353165218357,-1.0327870981522458
814,-0.8559739064196674,-0.46729778048434817,-0.7608236242250609,0.07187476055431297
815,-1.4668401534284214,0.765870720391619,-0.8035943289624181,1.4570553417536545
816,1.426595864389357,2.7957646417560937,0.08100132359113896,0.7154480047201338
817,-0.10479527986578524,-1.1441804652205065,0.6928581453693429,-0.5646422078202779
818,-0.571396154336598,1.9545511448045803,0.10132379204469288,-0.04604451414070852
819,-1.1661959513219595,0.23897957840142925,-2.5796389959834496,0.9293131715654112
820,-0.46549777459018177,-0.4112354102038727,-0.5260378211572637,0.1647631853453416
821,1.8156203961013189,-0.8105882239428593,0.26132432354529955,1.1525929789540734
822,0.6292220071108001,-0.9868743687455057,-0.3181688400874935,0.33653702159744375
823,-1.3595203542230472,0.8933384613577187,-2.4586508841460404,-0.020663838829305604
824,-0.9716261288633349,1.2827120716779996,1.7303982056125473,0.4132932554455421
825,-0.11964612784935923,-0.6490405271582537,-1.6025724512844195,1.54632443391668
826,1.8301050087213027,-0.7285603918900679,0.6335056761143949,0.14069148566665024
827,0.5948978540829587,-0.7873230028453844,-0.7355292936790321,-0.37398164776839515
828,0.5561356226386256,-1.7195276899353356,0.47844155779465797,-0.7052266212293803
829,0.7194563573890972,-1.719782262519336,-0.010322462654254239,0.6025204775907673
830,-1.8871857457819619,0.8703235478716678,-0.8700687034798257,-0.5041591106858734
831,-0.8782859312682101,1.072146444827163,2.222708219840088,0.1869929706142028
832,1.7426752982554616,0.09722919701633785,0.20447524732141908,1.0838433435115848
833,-0.33608553490674475,-0.8024595232579808,-1.0577199515982159,-0.8581164127138804
834,1.1029207236448686,-0.0895680387082075,1.5207130565336464,-0.09399382972667576
835,0.41903556981878193,-0.135854689898686,0.6303746754575879,0.8924769173661754
836,-1.4313025476517711,0.5275314862878326,1.3932624316577902,0.23771034540139185
837,0.2722382188615311,1.6519924806366304,0.36788613161281875,0.03126350504741036
838,-0.7523264898328035,0.2885212646871032,-0.8760767700459119,0.5634726754964057
839,1.8205738445157582,1.8893059481176735,0.8065022093775185,0.030481333243805322
840,-1.3553472652761045,0.41779591528615456,-0.6573185898672689,-0.07070518759171765
841,-0.5032765931928523,-0.17381310427554364,-0.02693088031363832,-1.390849278828637
842,-0.7668276523100412,-0.318587554689047,0.19650954861513137,0.5177590423881784
843,-0.06546138046100564,-0.5280500844986805,1.2675995020908415,-0.9594550922454212
844,-0.03894210582737705,0.09408159203943084,-0.437437703867662,0.663127934837331
845,3.339638024825026,6.4190689149000955,-1.3926696471925681,-2.802490217638519
846,1.2016717916697648,-0.46564772392235615,1.2230702812415657,-0.21992502417143553
847,0.5550328278243749,-0.41083559768725914,0.08445109247813926,0.2698422540873242
848,0.3671175857624365,-1.1044061229572069,0.5875276357389967,-0.10703733199836653
849,-0.2599858658770303,-0.8867194306495673,0.22647877933120847,-0.649364334151151
850,0.8123841743385838,0.11586410684010001,-0.11566916385928609,1.5562851466345193
851,-0.3160676179455033,-0.4952092024718022,0.6930652189014824,0.33176402209975353
852,2.2979122755256505,2.2524396399037907,-0.310636322177875,-1.9365784864215967
853,0.8513844243029997,0.062349662499968095,-1.0875161457428253,1.0523771676401632
854,0.0037393228910273116,0.3292580959700787,0.14083617637967044,1.0788058787430674
855,-1.0018286316145832,1.0183648648515835,-0.8468625103634595,0.5728691729593988
856,0.1520445776644645,0.1267185362730326,-0.6262163138528302,-0.5618211135156924
857,-0.48504070943865296,-0.6518963482018194,-0.06857052535634663,0.529279165819524
858,-0.07148876582951671,-0.9185779989844978,0.8156120015676197,-0.19133582617542993
859,-0.49979893483518784,-0.3785263747241993,0.1889921806011582,0.6518625658028339
860,-1.2087354119308575,0.6220187131138136,-1.9485414330200614,-0.7241554638497663
861,-1.24241088924219,0.31340966733714365,0.3333134013118038,-0.42896037291408656
862,-1.46469203249117,-0.003433118390187943,0.19816457274964389,-0.9508987183106536
863,-1.0465856102378408,0.20830330052448237,0.1287853534960098,-0.6644575224098795
864,0.2406853428304693,0.8290211908548721,-0.7489359307470469,-0.4728895417812978
865,0.26867524469745124,0.7215086803714079,1.45573143543357,0.20577747548017716
866,-0.5895837232722373,-0.010515668245234571,-0.037921329892608185,-0.47810667978024207
867,0.43315908407018255,0.37537200200132315,0.46723200082935784,-0.1622459060219284
868,-0.6350031915861598,-0.5107065902366764,-0.8906319347878319,0.9420551658227989
869,-1.0001285682360717,-0.24054672479057604,-0.22512247320935397,0.3085036284254912
870,-0.5552092036308339,0.23006964773874553,0.11157426191518477,-0.46030229129848926
871,-0.42149008326981774,-0.6412539409492537,1.6249941538484505,-1.5850432210978702
872,-1.4026725417717725,1.143422159423401,1.152422243397187,0.11784732920070297
873,0.2221770732080803,-1.3563401356843834,0.8378712833391226,-0.40139128154299564
874,-1.0452378927062407,-0.3584727935445398,0.603617889011053,-1.015229465576748
875,0.23290219396509043,0.3623647236691338,-1.8948994846003806,0.20584471946214003
876,1.0883765805672974,1.2178659785470867,1.5221716926616669,0.8519427712857005
877,0.26134137367970406,-0.9991336219313381,-0.4829914689785347,-0.25211669016057686
878,-1.3482922348235393,-0.007671122281039426,-0.12559674616002742,0.2574870080640935
879,-0.8015897692393394,-0.08696846485887284,-0.2689832121292903,-0.41392321444362873
880,1.6628600815710946,2.9161603959621383,0.7760844621443725,0.3931380345468418
881,-0.31039663984077215,-0.0666058306371224,-1.2730259891734375,0.7667129393516748
882,-0.026137475629921934,-0.7508035483441599,1.0610640462734409,-1.119670749262478
883,-0.4324538888688506,-0.22502017312699615,-1.8391424240760617,0.3749509178736625
884,-0.5930031100729416,-0.6622697600425849,0.853350546082323,1.595728895255218
885,1.2909911246606476,-1.1092946476813959,0.4013169685680844,1.1292852525075014
886,1.7970481786192043,2.767890323662358,0.34655684920941304,-0.5499903197922524
887,-1.9837766140145612,0.7848087448051705,-0.29638011291833494,0.13763328219805535
888,2.2358353993616116,3.5050880232522807,0.25206085170541265,1.431339086875333
889,0.0651753201089606,-0.18288374370145286,1.1068079478507262,-0.2606130366502918
890,1.8496230773671147,1.7927353862922828,0.7442143778807812,0.8770141541419957
891,-0.7435857680134353,0.14738209790579185,-0.13936468714640418,0.21000613350113684
892,0.08169879058020851,-0.1690430713715087,-0.023247930304573228,-0.12312931416746138
893,0.7904598456876861,1.8387720592569317,0.29167099147394926,1.1481409747578166
894,0.7074718594575553,0.4067939917128694,-0.42406202605075205,1.0983851433562173
895,-1.3664879798349951,0.654328554640647,0.2423416295769511,-0.6770183050411365
896,-1.735308265642186,0.41620995433823527,-0.10905357752893508,0.9356499877935153
897,-0.032529733593202353,-0.9203300720568751,-2.0765920714911763,-1.5350488716247808
898,0.03779553951614325,0.03470685708957597,0.40120780767490316,-0.38424093465046144
899,1.6423039775744592,0.9873388541384793,0.6761148469335717,0.44605553034621925
900,-0.0634436477511506,-0.037100558477969024,0.8886341542592737,-0.19381375402783094
901,0.15405859986956388,-0.789595128256329,-1.004666923672646,-0.14371492760283694
902,-0.08347776763761372,-1.2715757131842245,-0.30481312189589155,-0.6236886204737396
903,-1.3689120811484383,0.31455833154501894,0.5955278997007495,-0.4213655145901423
904,-0.7493910859161392,0.45003723852092886,0.8350604104518111,0.7132309239622381
905,-1.5560923437979393,0.48319698523342147,-0.12105536257420067,-0.09908933684993715
906,-0.3929585483967781,-0.7611762697116184,0.3913638461483502,1.5832138185885078
907,-1.6832303600913288,0.9064174828054513,-0.9017535219206059,-0.17281866571163276
908,1.4718217826067446,1.382052868623981,1.2936217693619956,0.05850552519662915
909,-0.5924169781457017,0.9001794399718575,-1.199229428568903,1.937224335031105
910,1.2249085760221154,-0.6028913939270897,1.3426302969598345,0.742499133967415
911,-0.18369257834747102,-0.0701621091790887,1.528619398296553,0.1292498531966572
912,0.12789488171952215,-0.35420322355104555,0.10893187416653452,-1.1791039857475816
913,-0.343232293314718,-0.24857042300351484,0.31295048671545506,1.235660775624702
914,0.5906832943703583,-0.8585306012942345,-0.29902399898720733,0.5688498512697844
915,-0.16416534689504492,0.5011306633710002,0.7370277300991088,-0.49717068616737214
916,-1.1861361654964075,0.4684350852751566,-0.5220736923366415,-0.09888507233849278
917,-0.16079201050905,-0.901786001079776,-0.51432690338164,-0.7654234363457986
918,1.5211155080000751,0.3626819609949824,0.7558775021097933,1.0045358526418398
919,0.07969286937579093,-0.9100459397769808,-0.07180974144400597,1.073259919684707
920,1.256329976656937,1.635635163861744,0.03986152036634002,1.0721982240652097
921,0.883144852717692,-0.5332427394876043,-0.36471246669382645,-0.3212629439281348
922,-0.4417018880202477,-0.3796243963947175,-0.15268506364816592,0.6908633970013269
923,0.37169593351706764,-0.946313209106974,-0.11955833660721475,-0.8040781849793459
924,-1.7816085193939801,0.7760310024629472,-0.5047229937496784,0.09718614450762868
925,0.5264177906324055,0.48015724818450395,-0.6928217527777091,0.142679201010257
926,-0.413993049775664,0.9991370437818857,-1.6739836448812808,-0.1477468479715022
927,-0.2328490534519637,-0.2998927300287978,0.8664361784279467,-1.020133935834087
928,-0.24271940582046814,-0.004827967148881,0.2615764466630496,-0.2270435084547421
929,-0.34606208114602705,-0.1539029135555311,-0.7756151425909412,-0.7958732173065963
930,1.7770736889979535,0.8304201472085984,-0.6880552896974002,-0.3542303956886917
931,1.3583651293857086,0.39696546584324705,-0.8397536340648465,0.5941111978797025
932,0.20098501549528328,-1.0179536290479385,0.052674106431668234,0.20068643458862545
933,1.3097949459335005,-0.28763980822478435,1.073079178268769,-0.27631473921149624
934,-1.4222004350935447,1.5930661445237038,-0.0424689471067957,-0.546615945719272
935,-0.5628398551154435,-0.04812514571460158,-0.7890498943075351,0.24407007708963877
936,-0.7914258834336517,0.7140915524508191,0.6227792386691152,0.6848927899215979
937,1.47913661478808,0.44956486638773296,-0.38614863467525173,-0.22628440832494287
938,0.8566723631975525,-1.1595389489445957,-1.1669206788573092,-0.3052980559447083
939,0.7811438925130609,-0.8058792414936756,0.2187110819313541,-0.054476916948949634
940,1.256645724877575,0.6111082427692955,-0.18808191580517053,-0.34313616066497943
941,2.5944944926259446,4.011052768062716,-0.07354307103872058,-0.7915765263923235
942,-0.1505746178366477,-0.6319608434747652,1.6784433890468702,-0.5107181959792922
943,-0.20590915529896525,-0.8503008667887509,0.748783863482253,-0.7624531703449321
944,-0.4148732177198616,-0.2707626174591437,0.6779643330742934,-1.582254068126753
945,-0.1490579485568839,-0.0768801766737722,-0.5597273187521938,-0.5570720291506203
946,-0.4255979715375771,0.4474102049648567,0.2672759846811734,-1.2919622739253065
947,-1.4109508293318749,0.7549421731838579,0.06610785030486098,-0.356929429405296
948,-0.40430021367049396,-0.9029983298338604,-1.1190591200304751,-0.6605860117756124
949,0.6164956628145135,1.913261986948806,0.8958480674785134,-0.6485834467519326
950,0.5167567602554769,0.36075255233575687,0.9981296743260295,0.47316889578516014
951,0.32900223003528944,-1.1555200197653144,-0.6020844595910024,0.8069933876813437
952,-1.41202869766527,1.172560970455096,0.12370621337305637,1.5957225363579461
953,-0.04137172000314229,2.770778396318892,-0.9769465696023594,-0.9854241458037037
954,-1.1058541235149029,-0.010745115488778692,0.16945950462899284,0.04767647387524846
955,-0.13015678979018316,0.47869002059171717,0.6438874860453911,0.3234181258392106
956,-0.4853480022796196,-0.6807669865753272,1.5049841390828016,0.30950377118573125
957,0.3226360516585214,-0.6854217821519546,0.8904167861483911,0.146257558128937
958,-0.6749617326019504,1.0191768560233747,-0.8480135683109311,0.3607369746106234
959,-0.6065896055971737,-0.3882262325255466,-1.9821155860852693,0.5641768818255669
960,-1.508326172538874,0.637217256701445,-0.3740841275530696,0.9790215132565888
961,0.2586598356310052,0.36171471426746826,-2.0062582081072837,0.15629725709850692
962,0.33113651199000654,-0.33070956140197777,0.09591181597208624,-1.5315704526976328
963,-0.3425586429321244,-0.9927455759533552,-0.2753620893716491,-0.3834944493959921
964,0.34384189865047715,-0.5595763594346819,-0.5825235180973951,0.3284701699485089
965,-0.1121161411742632,0.2793753594759285,0.20305008113952294,-0.4723366665228648
966,0.6516984344048083,-0.701019764372428,-0.497669042191301,0.4728881431539167
967,1.0518661223890846,-0.5334807241546788,-0.7926651450244104,-0.8679214793798607
968,-1.6783388334836606,0.2479514505673501,-2.321124749372973,1.3316864653084828
969,0.7480136894528626,-0.543920026543563,0.07226735111857782,-0.026422596314483474
970,-0.7836336665749994,0.0682400613324773,0.5069218046100554,-1.0798424948029175
971,1.1216935979250389,-1.9124622444868355,-0.47920496472817053,-1.117740038643582
972,-1.1810577869038288,1.3872920811247418,-0.08084535248738245,0.8360668742252535
973,0.5405120349993532,-0.7626441893523365,-0.2013720061622666,-0.5859995197301324
974,0.3268632381105615,-0.8140448349742997,1.1734650496658807,-0.06438860688301921
975,-1.02994852539435,-0.032819831362165534,-1.1099332840761815,1.1827008670228887
976,0.788865377480867,0.5185776995081517,-0.15272471838113144,-0.5265041959249734
977,-1.2645638072756875,-0.1944115137605078,-0.017609413758624765,1.0966041882663267
978,1.4054766721974834,-0.25009382641672817,-0.13089578066391563,0.2183136368662902
979,0.4127389225629097,-0.46870725283047565,-0.5856207860575934,-1.3524119559827932
980,-0.3413036147538953,-0.8659125388889185,-0.3069337006653772,0.5721142464426934
981,0.9609485422350944,-0.47665089993730547,1.7546432423534484,0.7105208894222351
982,2.0207845421519406,3.309180154245519,0.5111692007503844,-1.402668814908793
983,0.410280623401127,1.132439184681008,0.17872492861244738,-0.11321438962922854
984,-0.2579185204554282,-0.7859573279969289,0.22417411301276355,-0.04890611383224616
985,-0.8390677434862511,0.7398571393736044,0.3372235903903538,-0.4214808500500672
986,-0.09825591136248248,-0.707159018951237,-0.0416174488093152,-0.5856578046938863
987,-1.3971117069851777,0.12432682640363972,0.5734395832967172,-0.9504944931234108
988,-0.530968800669134,0.1638684213654305,0.6221605472390462,0.462281211118205
989,1.397663220423105,-1.137843407470558,0.1885021742348406,-1.483122682712539
990,-1.1114921074663782,1.4961467360766043,-0.3901132061089309,0.15748041018627001
991,0.5061693733307066,0.05231444151411688,0.2693238653061637,0.04759501282370274
992,-1.1930303677381235,0.6563521607381956,0.6493141033054679,-0.15049420350754722
993,-0.6017093399693756,-0.384190902556421,-0.9346364891698713,0.4676360902162631
994,-0.6539060235432448,0.16993634398554247,0.3948262363488719,-0.3648501779888391
995,0.12548679810011104,1.1706831625627103,0.8724162154208512,0.35683853698098317
996,-0.6459194311984288,0.595923773644993,-0.2317178942635962,-0.30195524787319755
997,0.3738973108539321,-0.4021464748365302,-0.43496269840797536,-0.18320262421147365
998,0.3218838107201606,0.5972336331578368,2.424531538058779,0.2874531907390278
999,-0.30402813633565184,0.1944153332088347,0.10286576969709643,0.08987865457298794
1000,-0.6682082454710012,-0.4166813117570691,0.9868839610475868,0.015728640610914488
